"City","homes_sold","avg_list_price","avg_sold_price","avg_sale_to_list_pct","avg_pct_diff_from_list"
Kensington,31,1322581.0,1716319.0,130.6,30.6
Piedmont,63,2740257.0,3366596.0,127.8,27.8
Berkeley,280,1353582.0,1673057.0,124.6,24.6
Albany,42,1060071.0,1339175.0,124.3,24.3
El Cerrito,69,979027.0,1180835.0,120.5,20.5
Oakland,1011,878327.0,1009162.0,112.1,12.1
Cerritos,110,1117055.0,1183231.0,110.7,10.7
San Mateo,223,1649058.0,1777503.0,109.9,9.9
Alameda,191,1073257.0,1177578.0,108.5,8.5
South San Francisco,55,1121847.0,1212129.0,107.7,7.7
San Francisco,184,1291273.0,1403543.0,107.6,7.6
Los Altos,51,4062541.0,4364228.0,107.1,7.1
South Pasadena,60,1985867.0,2093080.0,106.9,6.9
Millbrae,37,1585392.0,1704568.0,106.4,6.4
Burlingame,63,2618855.0,2776570.0,106.1,6.1
Sunnyvale,225,1872347.0,2003859.0,105.9,5.9
Menlo Park,96,3096014.0,3255812.0,105.7,5.7
Covina,184,793616.0,839486.0,105.4,5.4
San Bruno,56,1174091.0,1239082.0,105.1,5.1
Belmont,38,2102519.0,2194487.0,104.9,4.9
Palo Alto,133,3694170.0,3795664.0,104.9,4.9
Cupertino,60,3058457.0,3206793.0,104.8,4.8
Mountain View,123,1927203.0,2027406.0,104.8,4.8
Castro Valley,152,1151675.0,1192239.0,104.6,4.6
Redwood City,165,2023830.0,2120985.0,104.6,4.6
San Carlos,89,2378184.0,2499308.0,104.6,4.6
Richmond,269,636393.0,667486.0,104.4,4.4
San Leandro,196,789653.0,827658.0,104.4,4.4
Pacifica,67,1265359.0,1312032.0,104.2,4.2
La Crescenta,70,1374508.0,1428995.0,104.1,4.1
Santa Clara,145,1519226.0,1584168.0,104.0,4.0
Daly City,61,1094944.0,1136693.0,103.9,3.9
Union City,113,1229971.0,1281367.0,103.8,3.8
San Lorenzo,61,766775.0,793982.0,103.7,3.7
Campbell,56,1738550.0,1804643.0,103.5,3.5
Rosemead,62,905721.0,937999.0,103.5,3.5
San Marino,44,3553793.0,3563566.0,103.3,3.3
Alamo,72,3060799.0,3100875.0,103.2,3.2
San Gabriel,112,1241236.0,1274294.0,102.9,2.9
San Jose,1316,1436875.0,1480914.0,102.9,2.9
Fremont,442,1531549.0,1582382.0,102.8,2.8
La Canada Flintridge,69,2581326.0,2634993.0,102.8,2.8
Pasadena,487,1480816.0,1510209.0,102.8,2.8
Huntington Park,22,706258.0,720814.0,102.6,2.6
Brea,120,1165966.0,1186796.0,102.5,2.5
Montrose,11,1049450.0,1074932.0,102.5,2.5
El Sobrante,33,699830.0,719576.0,102.4,2.4
Milpitas,91,1281610.0,1306835.0,102.4,2.4
Glendale,326,1296951.0,1326970.0,102.3,2.3
Hayward,321,925553.0,944194.0,102.2,2.2
Lafayette,135,2282175.0,2332433.0,102.2,2.2
Newark,115,1267874.0,1298611.0,102.1,2.1
Westminster,134,1112689.0,1133702.0,102.1,2.1
Lodi,11,623699.0,640682.0,102.0,2.0
Emeryville,63,536317.0,549651.0,101.9,1.9
Moraga,69,1691275.0,1729690.0,101.9,1.9
Saratoga,66,3822479.0,3915083.0,101.9,1.9
Foster City,59,1475704.0,1517201.0,101.8,1.8
Hercules,45,679416.0,692610.0,101.8,1.8
Alhambra,121,935736.0,952633.0,101.7,1.7
Clayton,67,1092653.0,1108793.0,101.6,1.6
Garden Grove,274,946482.0,959501.0,101.6,1.6
Pinole,45,739704.0,753182.0,101.6,1.6
East Palo Alto,17,1122238.0,1137714.0,101.5,1.5
Livermore,323,1264184.0,1281785.0,101.5,1.5
Temple City,78,1282897.0,1288654.0,101.5,1.5
Atherton,10,9331195.0,9369989.0,101.4,1.4
Benicia,21,657635.0,666333.0,101.4,1.4
Duarte,50,753567.0,762120.0,101.4,1.4
Los Gatos,139,2643439.0,2662512.0,101.4,1.4
Martinez,167,798136.0,807877.0,101.4,1.4
Paramount,50,624814.0,633495.0,101.4,1.4
San Pablo,62,538641.0,547216.0,101.4,1.4
Soquel,18,1349444.0,1364361.0,101.4,1.4
Culver City,139,1365280.0,1387312.0,101.3,1.3
Lynwood,46,714692.0,723761.0,101.3,1.3
Norwalk,156,719557.0,730201.0,101.3,1.3
Santa Cruz,154,1592698.0,1600691.0,101.3,1.3
Bay Point,36,545459.0,552150.0,101.2,1.2
Fountain Valley,141,1372088.0,1386713.0,101.2,1.2
Sun Valley,59,903286.0,912771.0,101.2,1.2
Altadena,95,1491953.0,1493702.0,101.1,1.1
Concord,436,758042.0,764613.0,101.1,1.1
Fullerton,365,1126562.0,1134312.0,101.1,1.1
Hillsborough,25,7321845.0,7274985.0,101.1,1.1
Pittsburg,149,598260.0,602610.0,101.1,1.1
San Fernando,60,785283.0,791635.0,101.1,1.1
Sunland,61,954765.0,962770.0,101.1,1.1
Burbank,277,1237272.0,1245960.0,101.0,1.0
Gardena,153,767507.0,772894.0,101.0,1.0
Carson,160,791565.0,798521.0,100.9,0.9
National City,60,654579.0,659333.0,100.9,0.9
Santa Fe Springs,40,762165.0,769153.0,100.9,0.9
Tracy,110,741708.0,748890.0,100.9,0.9
Valley Glen,27,1146183.0,1157144.0,100.9,0.9
Winnetka,123,821239.0,827732.0,100.9,0.9
Arleta,39,803627.0,808590.0,100.8,0.8
Orinda,100,2128895.0,2149761.0,100.8,0.8
Pleasant Hill,115,953812.0,962814.0,100.8,0.8
Rialto,261,586404.0,590702.0,100.8,0.8
Sacramento,109,501402.0,503196.0,100.8,0.8
Van Nuys,204,836962.0,838872.0,100.8,0.8
Walnut Creek,558,1054729.0,1069142.0,100.8,0.8
Willows,25,324431.0,320305.0,100.8,0.8
Winchester,343,626428.0,630516.0,100.8,0.8
Antioch,315,584854.0,588597.0,100.7,0.7
Bellflower,81,806528.0,810312.0,100.7,0.7
Cypress,141,1064955.0,1072998.0,100.7,0.7
Lawndale,37,766686.0,772014.0,100.7,0.7
Los Alamitos,30,1275627.0,1285028.0,100.7,0.7
Monrovia,112,1121968.0,1122652.0,100.7,0.7
Pico Rivera,89,720666.0,724314.0,100.7,0.7
Placentia,163,1120813.0,1127008.0,100.7,0.7
San Martin,10,2156590.0,2158100.0,100.7,0.7
West Covina,224,898199.0,898612.0,100.7,0.7
Anaheim,507,911802.0,918828.0,100.6,0.6
Downey,156,969969.0,972596.0,100.6,0.6
La Puente,131,732416.0,737473.0,100.6,0.6
Loma Linda,72,696832.0,694728.0,100.6,0.6
Midway City,12,1128158.0,1135417.0,100.6,0.6
Claremont,130,1127200.0,1128133.0,100.5,0.5
Compton,204,631047.0,633567.0,100.5,0.5
Lemon Grove,77,675957.0,680952.0,100.5,0.5
Reseda,126,771646.0,772450.0,100.5,0.5
,11,507584.0,537767.0,100.4,0.4
Buena Park,167,963107.0,966276.0,100.4,0.4
Danville,248,2064900.0,2066961.0,100.4,0.4
French Valley,42,593734.0,595899.0,100.4,0.4
Lakewood,222,903267.0,906714.0,100.4,0.4
Lomita,37,959565.0,953730.0,100.4,0.4
Monterey Park,129,874780.0,878584.0,100.4,0.4
Moreno Valley,584,553407.0,555335.0,100.4,0.4
Nipomo,121,1048464.0,1045275.0,100.4,0.4
Spring Valley,239,742649.0,744430.0,100.4,0.4
Vallejo,132,498797.0,500937.0,100.4,0.4
Whittier,388,875351.0,874258.0,100.4,0.4
Baldwin Park,88,691814.0,692951.0,100.3,0.3
Canoga Park,66,709035.0,711763.0,100.3,0.3
Chula Vista,668,869134.0,868916.0,100.3,0.3
Gilroy,123,1164441.0,1164913.0,100.3,0.3
Granada Hills,176,1086701.0,1087599.0,100.3,0.3
La Palma,37,1179149.0,1180811.0,100.3,0.3
Lake Balboa,66,935186.0,938568.0,100.3,0.3
Lake Hughes,16,422399.0,423375.0,100.3,0.3
San Dimas,84,909456.0,909949.0,100.3,0.3
Santa Maria,234,716900.0,714809.0,100.3,0.3
Santee,241,759083.0,762059.0,100.3,0.3
Stanton,69,740396.0,740747.0,100.3,0.3
Stevenson Ranch,48,1198412.0,1198267.0,100.3,0.3
Suisun City,13,510758.0,512846.0,100.3,0.3
Torrance,431,1108905.0,1112448.0,100.3,0.3
Tujunga,60,938572.0,942617.0,100.3,0.3
Victorville,593,430273.0,431425.0,100.3,0.3
Felton,17,882451.0,900392.0,100.2,0.2
Grand Terrace,42,555115.0,556095.0,100.2,0.2
Hawaiian Gardens,11,572934.0,572828.0,100.2,0.2
La Mirada,146,902754.0,902410.0,100.2,0.2
Modesto,44,466715.0,466119.0,100.2,0.2
North Hills,111,820714.0,820556.0,100.2,0.2
North Hollywood,193,921641.0,922652.0,100.2,0.2
Roseville,18,673228.0,671843.0,100.2,0.2
Toluca Lake,43,2560021.0,2536724.0,100.2,0.2
Alpine,86,1029610.0,1026615.0,100.1,0.1
Fontana,551,668644.0,667977.0,100.1,0.1
Guadalupe,17,626376.0,626235.0,100.1,0.1
Hanford,34,361417.0,361416.0,100.1,0.1
Hawthorne,114,988402.0,987775.0,100.1,0.1
Jurupa Valley,272,706681.0,705314.0,100.1,0.1
La Habra,157,889780.0,889822.0,100.1,0.1
Norco,86,955445.0,953220.0,100.1,0.1
Northridge,170,1024561.0,1024599.0,100.1,0.1
Nuevo,45,587978.0,589602.0,100.1,0.1
Pleasanton,224,1735052.0,1738773.0,100.1,0.1
Santa Ana,392,909594.0,910579.0,100.1,0.1
Seaside,52,844869.0,842898.0,100.1,0.1
Soledad,19,689774.0,690000.0,100.1,0.1
Whitewater,11,361355.0,359818.0,100.1,0.1
Azusa,131,752746.0,750849.0,100.0,0.0
Colton,124,492775.0,492202.0,100.0,-0.0
Glendora,163,1031926.0,1028959.0,100.0,0.0
Grover Beach,59,804764.0,803924.0,100.0,0.0
La Mesa,277,948635.0,949398.0,100.0,0.0
Littlerock,39,509058.0,507802.0,100.0,-0.0
Montclair,56,649040.0,650089.0,100.0,0.0
Montebello,103,904670.0,902176.0,100.0,-0.0
Oakley,151,696063.0,694491.0,100.0,0.0
Orange,398,1223525.0,1216694.0,100.0,-0.0
Portola Valley,13,3767299.0,3786154.0,100.0,-0.0
San Bernardino,603,512218.0,511808.0,100.0,-0.0
Shafter,15,393713.0,392493.0,100.0,0.0
Costa Mesa,263,1652799.0,1645763.0,99.9,-0.1
Inglewood,152,781902.0,777814.0,99.9,-0.1
La Verne,90,1024337.0,1020354.0,99.9,-0.1
Laguna Hills,111,1632257.0,1609464.0,99.9,-0.1
Lake Elsinore,374,578674.0,577990.0,99.9,-0.1
Manhattan Beach,167,4292180.0,4264712.0,99.9,-0.1
Morgan Hill,149,1449852.0,1450225.0,99.9,-0.1
Ontario,539,654348.0,653151.0,99.9,-0.1
Redondo Beach,305,1787685.0,1767668.0,99.9,-0.1
San Jacinto,272,476079.0,476293.0,99.9,-0.1
South Gate,61,670978.0,670237.0,99.9,-0.1
Beaumont,309,534315.0,533680.0,99.8,-0.2
Boulevard,12,499325.0,500292.0,99.8,-0.2
El Cajon,516,826457.0,823887.0,99.8,-0.2
Long Beach,1001,968486.0,962974.0,99.8,-0.2
Olivehurst,10,347250.0,346790.0,99.8,-0.2
Pinon Hills,55,450546.0,448773.0,99.8,-0.2
Tehachapi,58,437535.0,435294.0,99.8,-0.2
Valley Village,85,1390369.0,1383389.0,99.8,-0.2
View Park,16,1542875.0,1539311.0,99.8,-0.2
West Hills,197,1153734.0,1149242.0,99.8,-0.2
Wildomar,155,645090.0,643114.0,99.8,-0.2
Yucaipa,202,656991.0,654700.0,99.8,-0.2
Chino Hills,241,1106971.0,1096818.0,99.7,-0.3
Clovis,54,697038.0,691187.0,99.7,-0.3
Highland,185,606253.0,603112.0,99.7,-0.3
Lancaster,669,477970.0,476387.0,99.7,-0.3
Palmdale,490,542361.0,540311.0,99.7,-0.3
Perris,319,596278.0,593118.0,99.7,-0.3
Quartz Hill,20,583252.0,581240.0,99.7,-0.3
Riverside,1102,721168.0,716933.0,99.7,-0.3
Rosamond,92,443662.0,443169.0,99.7,-0.3
San Ramon,232,1527167.0,1524719.0,99.7,-0.3
Saugus,246,847335.0,843299.0,99.7,-0.3
Sherwood Forest,10,1866400.0,1837278.0,99.7,-0.3
Sierra Madre,42,1540043.0,1535735.0,99.7,-0.3
Tustin,203,1282640.0,1274538.0,99.7,-0.3
Alta Loma,17,987120.0,982118.0,99.6,-0.4
Apple Valley,505,466503.0,464155.0,99.6,-0.4
Bonita,64,1127256.0,1122982.0,99.6,-0.4
Hacienda Heights,147,1046039.0,1038444.0,99.6,-0.4
Hesperia,460,490529.0,488282.0,99.6,-0.4
Ladera Ranch,127,1626382.0,1611576.0,99.6,-0.4
Los Angeles,3686,1656522.0,1620558.0,99.6,-0.4
Madera,83,475186.0,471578.0,99.6,-0.4
Mira Mesa,20,930143.0,928950.0,99.6,-0.4
Mission Viejo,470,1231201.0,1226014.0,99.6,-0.4
Newhall,110,662897.0,662202.0,99.6,-0.4
Panorama City,78,700932.0,699590.0,99.6,-0.4
Ramona,170,857683.0,850828.0,99.6,-0.4
San Miguel,13,774915.0,769462.0,99.6,-0.4
Signal Hill,38,745797.0,741095.0,99.6,-0.4
Camarillo,332,1033572.0,1026087.0,99.5,-0.5
Cardiff By The Sea,44,2460466.0,2416485.0,99.5,-0.5
Castaic,116,867259.0,860533.0,99.5,-0.5
Diamond Bar,164,1135490.0,1121968.0,99.5,-0.5
Dublin,192,1407945.0,1398000.0,99.5,-0.5
El Granada,14,1519143.0,1513250.0,99.5,-0.5
Huntington Beach,693,1461556.0,1448868.0,99.5,-0.5
Lakeside,130,718896.0,717387.0,99.5,-0.5
Los Banos,55,456974.0,454366.0,99.5,-0.5
Menifee,798,564889.0,562050.0,99.5,-0.5
Moorpark,142,1056729.0,1046001.0,99.5,-0.5
Oak Hills,53,659253.0,653619.0,99.5,-0.5
Oakdale,12,557700.0,552500.0,99.5,-0.5
Palos Verdes Peninsula,15,2223733.0,2214533.0,99.5,-0.5
Phelan,116,459298.0,457049.0,99.5,-0.5
Poway,190,1551909.0,1533385.0,99.5,-0.5
Rancho Cucamonga,495,864980.0,858124.0,99.5,-0.5
Salinas,268,833457.0,824963.0,99.5,-0.5
Upland,264,885783.0,880234.0,99.5,-0.5
Vacaville,57,687450.0,682643.0,99.5,-0.5
Walnut,105,1366583.0,1351271.0,99.5,-0.5
Woodland Hills,324,1386678.0,1371903.0,99.5,-0.5
Aliso Viejo,169,1091549.0,1082684.0,99.4,-0.6
Fallbrook,279,980055.0,971080.0,99.4,-0.6
Hemet,711,412595.0,411076.0,99.4,-0.6
King City,42,588507.0,584569.0,99.4,-0.6
Oceanside,828,939154.0,931262.0,99.4,-0.6
Oxnard,378,1000015.0,984818.0,99.4,-0.6
Pomona,288,661823.0,656830.0,99.4,-0.6
Redlands,297,717223.0,711179.0,99.4,-0.6
San Ysidro,18,604358.0,598717.0,99.4,-0.6
Yorba Linda,297,1486933.0,1472129.0,99.4,-0.6
Artesia,33,793239.0,786255.0,99.3,-0.7
Brentwood,271,813026.0,806839.0,99.3,-0.7
Canyon Country,265,849954.0,838773.0,99.3,-0.7
Chino,290,789633.0,782262.0,99.3,-0.7
Corona,676,791672.0,784965.0,99.3,-0.7
East Los Angeles,19,662408.0,658421.0,99.3,-0.7
Eastvale,202,891695.0,886067.0,99.3,-0.7
Fillmore,47,820390.0,813242.0,99.3,-0.7
Hermosa Beach,78,3152282.0,3092673.0,99.3,-0.7
Lompoc,64,791964.0,772378.0,99.3,-0.7
Royal Oaks,11,1076541.0,1059359.0,99.3,-0.7
San Diego,4084,1152925.0,1140522.0,99.3,-0.7
San Marcos,381,1008764.0,999515.0,99.3,-0.7
Sylmar,178,786243.0,779922.0,99.3,-0.7
Visalia,52,440020.0,437062.0,99.3,-0.7
Vista,330,938275.0,931006.0,99.3,-0.7
Wilmington,34,682543.0,677853.0,99.3,-0.7
Anaheim Hills,126,1280946.0,1264405.0,99.2,-0.8
Atascadero,148,835552.0,826066.0,99.2,-0.8
Banning,242,432268.0,430383.0,99.2,-0.8
El Monte,138,755062.0,742497.0,99.2,-0.8
Elk Grove,14,616088.0,611980.0,99.2,-0.8
Half Moon Bay,43,1715156.0,1663658.0,99.2,-0.8
Lake Forest,378,1285039.0,1271696.0,99.2,-0.8
Murrieta,734,742717.0,734686.0,99.2,-0.8
North Tustin,66,2277512.0,2238542.0,99.2,-0.8
Pacoima,95,704969.0,696620.0,99.2,-0.8
Pine Valley,13,725508.0,715992.0,99.2,-0.8
Port Hueneme,82,571869.0,566678.0,99.2,-0.8
Rancho Santa Margarita,216,1141668.0,1131427.0,99.2,-0.8
Santa Paula,73,821438.0,809601.0,99.2,-0.8
Scotts Valley,49,1398766.0,1385899.0,99.2,-0.8
Simi Valley,507,924907.0,916336.0,99.2,-0.8
Stockton,88,422589.0,417763.0,99.2,-0.8
Adelanto,136,387369.0,384017.0,99.1,-0.9
Arcadia,238,1793388.0,1748056.0,99.1,-0.9
Carlsbad,585,1635482.0,1618778.0,99.1,-0.9
El Segundo,36,1901228.0,1872921.0,99.1,-0.9
Escondido,619,919039.0,906701.0,99.1,-0.9
Greenfield,10,633290.0,627730.0,99.1,-0.9
Hollister,152,809930.0,802344.0,99.1,-0.9
Lemoore,14,402728.0,398036.0,99.1,-0.9
Rodeo,18,692353.0,685689.0,99.1,-0.9
Santa Monica,281,2685713.0,2636291.0,99.1,-0.9
Temecula,640,877059.0,864403.0,99.1,-0.9
Thousand Oaks,307,1155612.0,1142459.0,99.1,-0.9
Twin Peaks,22,361302.0,358205.0,99.1,-0.9
Valencia,402,872136.0,862872.0,99.1,-0.9
Atwater,90,542993.0,533760.0,99.0,-1.0
Chico,411,513514.0,508403.0,99.0,-1.0
Harbor City,65,788654.0,780023.0,99.0,-1.0
Leona Valley,12,601000.0,593338.0,99.0,-1.0
Mentone,25,527212.0,514049.0,99.0,-1.0
Paso Robles,280,847976.0,834963.0,99.0,-1.0
Playa Vista,40,1322582.0,1308124.0,99.0,-1.0
Rancho Mission Viejo,162,1270907.0,1256617.0,99.0,-1.0
Rossmoor,23,2304739.0,2270239.0,99.0,-1.0
San Luis Obispo,201,1261633.0,1241239.0,99.0,-1.0
San Pedro,209,864928.0,858583.0,99.0,-1.0
Watsonville,79,985833.0,974075.0,99.0,-1.0
Wrightwood,31,435140.0,429711.0,99.0,-1.0
Arroyo Grande,113,1219709.0,1198676.0,98.9,-1.1
Ben Lomond,15,1002667.0,987036.0,98.9,-1.1
Encinitas,259,2319187.0,2284686.0,98.9,-1.1
Marina,73,972613.0,961673.0,98.9,-1.1
Newbury Park,173,1160242.0,1147426.0,98.9,-1.1
Oak View,20,1042345.0,1027350.0,98.9,-1.1
Paradise,180,422090.0,417622.0,98.9,-1.1
Rancho Palos Verdes,171,1759699.0,1737574.0,98.9,-1.1
Sherman Oaks,286,1741213.0,1708180.0,98.9,-1.1
Trabuco Canyon,56,1248052.0,1227013.0,98.9,-1.1
Bakersfield,404,449601.0,441942.0,98.8,-1.2
California City,53,291720.0,288778.0,98.8,-1.2
Calimesa,40,553826.0,547462.0,98.8,-1.2
Fairfield,76,663436.0,654294.0,98.8,-1.2
Laguna Niguel,322,1597103.0,1571063.0,98.8,-1.2
Ventura,346,1029617.0,1010094.0,98.8,-1.2
Chatsworth,152,1112756.0,1090534.0,98.7,-1.3
Laguna Woods,286,552092.0,546693.0,98.7,-1.3
Los Osos,51,1064680.0,1046320.0,98.7,-1.3
Oroville,206,313242.0,309577.0,98.7,-1.3
Rolling Hills Estates,53,1955619.0,1941442.0,98.7,-1.3
Rowland Heights,79,1134771.0,1108548.0,98.7,-1.3
Valley Center,105,1007072.0,992181.0,98.7,-1.3
Winton,17,420988.0,417688.0,98.7,-1.3
Bloomington,44,602511.0,588168.0,98.6,-1.4
Hidden Valley Lake,48,397915.0,392701.0,98.6,-1.4
Homeland,60,459800.0,456788.0,98.6,-1.4
Porter Ranch,146,1456052.0,1430314.0,98.6,-1.4
San Juan Capistrano,153,1967403.0,1923377.0,98.6,-1.4
Santa Clarita,26,955848.0,938312.0,98.6,-1.4
Seal Beach,226,771973.0,757049.0,98.6,-1.4
Capitola,21,1183119.0,1170048.0,98.5,-1.5
Chowchilla,34,410968.0,402900.0,98.5,-1.5
Coachella,53,507064.0,498943.0,98.5,-1.5
Merced,384,415871.0,410199.0,98.5,-1.5
Oak Park,69,1184383.0,1168429.0,98.5,-1.5
Phillips Ranch,15,972190.0,956367.0,98.5,-1.5
Solana Beach,60,2983436.0,2927453.0,98.5,-1.5
Templeton,39,1179858.0,1162369.0,98.5,-1.5
Woodside,14,4771282.0,4675786.0,98.5,-1.5
Coalinga,19,373179.0,364633.0,98.4,-1.6
Jamul,41,985812.0,968241.0,98.4,-1.6
Napa,25,1243851.0,1218232.0,98.4,-1.6
Pacific Grove,57,1521558.0,1491839.0,98.4,-1.6
Patterson,12,487356.0,478699.0,98.4,-1.6
San Clemente,302,2060546.0,2021192.0,98.4,-1.6
Santa Rosa,15,1372066.0,1331667.0,98.4,-1.6
Agoura Hills,88,1779272.0,1738160.0,98.3,-1.7
Campo,25,540720.0,523609.0,98.3,-1.7
Oceano,29,696093.0,678707.0,98.3,-1.7
Orland,42,381662.0,374172.0,98.3,-1.7
Villa Park,26,2822936.0,2775516.0,98.3,-1.7
Ojai,90,1659033.0,1603576.0,98.2,-1.8
Playa Del Rey,61,1484074.0,1454365.0,98.2,-1.8
Venice,113,2475592.0,2413013.0,98.2,-1.8
Agua Dulce,17,1056929.0,1033579.0,98.1,-1.9
Canyon Lake,97,839747.0,817452.0,98.1,-1.9
Coarsegold,52,451765.0,444581.0,98.1,-1.9
Coto de Caza,80,2479573.0,2385683.0,98.1,-1.9
Crestline,115,399054.0,389657.0,98.1,-1.9
Irvine,971,1797032.0,1755136.0,98.1,-1.9
Palos Verdes Estates,62,3659742.0,3545341.0,98.1,-1.9
Pismo Beach,59,1795610.0,1719144.0,98.1,-1.9
Red Bluff,32,369750.0,362302.0,98.1,-1.9
Aptos,85,1805180.0,1747397.0,98.0,-2.0
Barstow,133,269516.0,262496.0,98.0,-2.0
Bonsall,47,1264652.0,1227795.0,98.0,-2.0
Discovery Bay,94,866507.0,847383.0,98.0,-2.0
Tarzana,144,1475154.0,1413268.0,98.0,-2.0
Westlake Village,192,1921951.0,1866806.0,98.0,-2.0
Big Bear,57,687434.0,666459.0,97.9,-2.1
Boulder Creek,25,665700.0,656544.0,97.9,-2.1
Rio Vista,27,416712.0,409478.0,97.9,-2.1
Studio City,162,2233356.0,2172876.0,97.9,-2.1
Desert Hot Springs,228,403678.0,396474.0,97.8,-2.2
Green Valley Lake,20,326145.0,317975.0,97.8,-2.2
Marina Del Rey,100,1603708.0,1544985.0,97.8,-2.2
Mountain Center,17,633632.0,618347.0,97.8,-2.2
Acton,41,853258.0,829300.0,97.6,-2.4
Cherry Valley,52,488880.0,469713.0,97.6,-2.4
Imperial Beach,52,807148.0,785507.0,97.6,-2.4
Pine Mountain Club,41,387573.0,376620.0,97.6,-2.4
Running Springs,82,390372.0,381552.0,97.6,-2.4
San Juan Bautista,11,1279172.0,1243454.0,97.6,-2.4
South El Monte,34,801975.0,782440.0,97.6,-2.4
West Hollywood,170,1606700.0,1557179.0,97.6,-2.4
Big Bear City,100,529854.0,512182.0,97.5,-2.5
Calabasas,122,2382474.0,2283100.0,97.5,-2.5
Cathedral City,271,517266.0,504622.0,97.5,-2.5
Del Mar,70,3627584.0,3484021.0,97.5,-2.5
La Jolla,260,2981337.0,2883093.0,97.5,-2.5
Los Altos Hills,16,5293924.0,5151174.0,97.5,-2.5
Palomar Mountain,10,436190.0,424818.0,97.5,-2.5
Arrowbear,15,311563.0,304487.0,97.4,-2.6
Dana Point,190,3186727.0,3053843.0,97.4,-2.6
Fresno,172,519175.0,502968.0,97.4,-2.6
Helendale,67,383332.0,372416.0,97.4,-2.6
Indio,537,605691.0,587360.0,97.4,-2.6
Monterey,83,1273778.0,1233388.0,97.4,-2.6
Newport Beach,327,4458191.0,4301459.0,97.4,-2.6
Sugarloaf,51,314841.0,306422.0,97.4,-2.6
Thousand Palms,26,385364.0,378838.0,97.4,-2.6
Bethel Island,11,841809.0,819000.0,97.3,-2.7
Carpinteria,10,3585950.0,3354200.0,97.3,-2.7
Goleta,11,1500909.0,1449455.0,97.3,-2.7
Ridgecrest,19,291975.0,285342.0,97.3,-2.7
Turlock,25,544026.0,523792.0,97.2,-2.8
Encino,214,2041680.0,1962734.0,97.1,-2.9
Joshua Tree,120,530350.0,514948.0,97.1,-2.9
Lake Sherwood,10,3071095.0,2974995.0,97.1,-2.9
Magalia,90,234654.0,229477.0,97.1,-2.9
Yucca Valley,175,433493.0,421319.0,97.1,-2.9
Big Bear Lake,122,691240.0,670828.0,97.0,-3.0
Palm Springs,848,939123.0,909323.0,97.0,-3.0
Bell Canyon,14,2465428.0,2404239.0,96.9,-3.1
Lathrop,50,759946.0,733393.0,96.9,-3.1
Mojave,11,275923.0,265727.0,96.9,-3.1
Taft,13,241514.0,234957.0,96.9,-3.1
Thermal,44,401818.0,373257.0,96.9,-3.1
Clearlake,73,252629.0,244736.0,96.8,-3.2
Coronado,111,3419586.0,3327589.0,96.8,-3.2
Frazier Park,27,395237.0,379781.0,96.8,-3.2
Laguna Beach,154,4161108.0,3945331.0,96.8,-3.2
Mendocino,13,1186846.0,1156243.0,96.8,-3.2
Carmel Valley,44,2054689.0,1980295.0,96.7,-3.3
Manteca,52,631205.0,606972.0,96.7,-3.3
Palm Desert,979,804120.0,774427.0,96.7,-3.3
Pebble Beach,42,4781905.0,4471897.0,96.7,-3.3
Santa Margarita,16,949681.0,910625.0,96.7,-3.3
Sonora,17,343156.0,335671.0,96.7,-3.3
Cabazon,14,301129.0,291500.0,96.6,-3.4
La Habra Heights,28,1761740.0,1657285.0,96.6,-3.4
Lake Arrowhead,216,807213.0,772007.0,96.6,-3.4
Morro Bay,72,1073775.0,1030610.0,96.6,-3.4
Rancho Mirage,428,1285280.0,1234628.0,96.6,-3.4
Avila Beach,13,1441523.0,1386523.0,96.5,-3.5
Bradley,14,671136.0,645929.0,96.5,-3.5
Carmel,102,2820741.0,2724195.0,96.5,-3.5
La Quinta,622,1587102.0,1495142.0,96.5,-3.5
Santa Barbara,69,4364395.0,4035569.0,96.5,-3.5
Anza,47,374506.0,362138.0,96.4,-3.6
Cambria,48,1209923.0,1163529.0,96.4,-3.6
Idyllwild,65,541008.0,521271.0,96.4,-3.6
Julian,40,673426.0,643772.0,96.4,-3.6
Lakeport,55,453247.0,437753.0,96.4,-3.6
Redding,12,434667.0,417971.0,96.4,-3.6
Forest Falls,17,398082.0,380735.0,96.3,-3.7
Mariposa,60,479336.0,463246.0,96.3,-3.7
Descanso,16,703612.0,663250.0,96.2,-3.8
Pacific Palisades,84,4452721.0,4231477.0,96.2,-3.8
Rancho Santa Fe,102,4839584.0,4632026.0,96.2,-3.8
Avalon,10,1726890.0,1664300.0,96.1,-3.9
Indian Wells,143,2145416.0,2062716.0,96.1,-3.9
"29 Palms",133,260393.0,252356.0,96.0,-4.0
Aguanga,25,587370.0,568802.0,96.0,-4.0
Cedarpines Park,12,361171.0,345258.0,96.0,-4.0
Corona Del Mar,113,5322248.0,5022841.0,96.0,-4.0
Borrego Springs,40,402785.0,387638.0,95.9,-4.1
Kelseyville,62,403537.0,386937.0,95.9,-4.1
Morongo Valley,43,365314.0,349914.0,95.8,-4.2
Beverly Hills,182,7470838.0,6860266.0,95.7,-4.3
Yuba City,20,420768.0,401220.0,95.7,-4.3
Bermuda Dunes,59,852588.0,811868.0,95.6,-4.4
Lucerne Valley,40,291050.0,280269.0,95.6,-4.4
Blythe,58,270069.0,256912.0,95.5,-4.5
Corning,41,349695.0,336231.0,95.5,-4.5
Santa Ynez,10,3505345.0,3185040.0,95.5,-4.5
Warner Springs,13,376985.0,364154.0,95.5,-4.5
Johnson Valley,13,185569.0,179038.0,95.4,-4.6
Lower Lake,18,365554.0,352193.0,95.4,-4.6
Oakhurst,41,454966.0,433872.0,95.4,-4.6
Solvang,12,2031992.0,1902648.0,95.1,-4.9
Lucerne,19,266826.0,255311.0,95.0,-5.0
Mountain House,27,991843.0,934408.0,94.7,-5.3
Topanga,35,1728857.0,1636829.0,94.7,-5.3
Fort Bragg,49,705197.0,669131.0,94.6,-5.4
Middletown,10,496742.0,485457.0,94.6,-5.4
Landers,30,325596.0,307547.0,94.5,-5.5
Cayucos,23,1675707.0,1577876.0,94.4,-5.6
Pioneertown,10,952100.0,889950.0,94.2,-5.8
Malibu,90,5766219.0,5380559.0,94.1,-5.9
Clearlake Oaks,36,236125.0,223347.0,94.0,-6.0
Needles,24,183758.0,173529.0,93.9,-6.1
Cobb,12,295758.0,284750.0,93.7,-6.3
Nice,14,213636.0,196286.0,93.7,-6.3
Newport Coast,55,9361871.0,8316294.0,93.6,-6.4
Fawnskin,15,465160.0,435934.0,93.5,-6.5
Pauma Valley,14,1948239.0,1815684.0,92.8,-7.2
Rolling Hills,10,4787250.0,4459000.0,92.5,-7.5
Newberry Springs,20,235282.0,214625.0,89.7,-10.3
