"city","active_listings","avg_active_price","avg_historical_sold","ratio"
Glen Ellen,1,11249000,975000.0,11.54
Point Arena,1,3995000,415000.0,9.63
Shandon,6,3984000,492250.0,8.09
Oak Glen,7,5418129,725000.0,7.47
Sky Valley,1,1424999,210000.0,6.79
Westwood,2,662000,98667.0,6.71
Twentynine Palms,9,1460544,222375.0,6.57
Carpinteria,16,18332062,3354200.0,5.47
Sonoma,7,6526129,1208333.0,5.4
Oro Grande,2,1589500,307500.0,5.17
Snelling,4,1861250,369000.0,5.04
North Edwards,2,804750,160000.0,5.03
Stanford,2,3875000,770000.0,5.03
Escalon,1,2798888,590425.0,4.74
Salton City,7,357771,77000.0,4.65
Bel Air,2,15450000,3624500.0,4.26
Creston,4,3158750,771000.0,4.1
Janesville,1,1800000,452500.0,3.98
Thermal,47,1451858,373257.0,3.89
Potter Valley,2,992354,260000.0,3.82
Elk,2,4787500,1270000.0,3.77
Friant,3,2210000,594400.0,3.72
Stevinson,2,2447500,675000.0,3.63
San Simeon,4,4800975,1398583.0,3.43
Santa Ynez,21,10922429,3185040.0,3.43
Other,45,1793451,524500.0,3.42
Kerman,1,1250000,385148.0,3.25
Etna,1,589000,185500.0,3.18
Unknown,1,1000000,315000.0,3.17
West Los Angeles,3,1876333,600000.0,3.13
Burson,1,1395000,450000.0,3.1
Bloomington,19,1806258,588168.0,3.07
Dinuba,1,1400000,456750.0,3.07
Lake Hughes,20,1297776,423375.0,3.07
Los Olivos,6,4155667,1375000.0,3.02
Somis,8,5926681,1982388.0,2.99
Dunsmuir,1,750000,255000.0,2.94
Manchester,6,1139000,390000.0,2.92
Shaver Lake,3,783333,269900.0,2.9
Sausalito,2,2612500,910167.0,2.87
Fairfield,48,1841117,654294.0,2.81
Summerland,4,24730000,8927500.0,2.77
Hidden Hills,34,13971529,5196000.0,2.69
Fortuna,2,1060000,400000.0,2.65
Willits,5,815480,310097.0,2.63
Unincorporated,1,495000,190000.0,2.61
Kings Beach,1,1499500,580000.0,2.59
Moss Landing,7,2330857,915000.0,2.55
Big River,17,383982,150878.0,2.54
Paicines,3,2191300,863333.0,2.54
Pala,3,1483000,590000.0,2.51
Los Altos Hills,19,12733520,5151174.0,2.47
Trona,18,113927,46575.0,2.45
Bass Lake,31,1351832,556143.0,2.43
Placerville,1,1100000,458500.0,2.4
Caliente,7,451250,189000.0,2.39
Bradley,27,1537626,645929.0,2.38
Hillsborough,18,17306500,7274985.0,2.38
Fawnskin,31,1026451,435934.0,2.35
Westport,5,1553400,659667.0,2.35
Cottonwood,7,848286,366250.0,2.32
Lincoln Heights,1,1549000,668000.0,2.32
Needles,35,394251,173529.0,2.27
Albion,4,1045500,463594.0,2.26
Stonyford,2,259450,115000.0,2.26
Linden,1,1350000,599000.0,2.25
Diablo,4,10147000,4535714.0,2.24
Edwards,7,291414,130000.0,2.24
Le Grand,4,940725,420375.0,2.24
Newport Coast,45,18570467,8316294.0,2.23
Rancho Santa Fe,110,10170517,4632026.0,2.2
Richvale,1,875000,400000.0,2.19
Santa Paula,50,1772773,809601.0,2.19
Ahwahnee,10,1006900,461139.0,2.18
Hughson,2,1240000,575000.0,2.16
Kernville,4,635600,300000.0,2.12
Sanger,3,1231667,589167.0,2.09
Laguna Beach,160,8218369,3945331.0,2.08
Morro Bay,28,2143286,1030610.0,2.08
Hollywood,3,1414667,698000.0,2.03
Pacific Palisades,109,8569250,4231477.0,2.03
Shadow Hills,5,2421200,1193544.0,2.03
Isleton,5,701600,348000.0,2.02
Oceano,13,1372000,678707.0,2.02
Pine Valley,7,1445571,715992.0,2.02
Soledad,10,1395957,690000.0,2.02
Brawley,8,747450,371667.0,2.01
Little River,7,1754571,875000.0,2.01
San Juan Capistrano,76,3871144,1923377.0,2.01
Oak View,10,2051000,1027350.0,2.0
Ojai,68,3203675,1603576.0,2.0
Pebble Beach,33,8771121,4471897.0,1.96
Susanville,4,418500,213000.0,1.96
Hinkley,3,362667,186000.0,1.95
Mount Hermon,1,1998000,1025000.0,1.95
Stirling City,2,204500,105000.0,1.95
Sunol,5,2335600,1206750.0,1.94
Mammoth Lakes,8,2079000,1076500.0,1.93
Santa Barbara,56,7760262,4035569.0,1.92
Corralitos,6,1846833,968833.0,1.91
Selma,2,687500,361800.0,1.9
Bombay Beach,4,147000,77667.0,1.89
Carmel,93,5111330,2724195.0,1.88
Novato,9,2141389,1149143.0,1.86
Raymond,4,828250,444333.0,1.86
Warner Springs,26,672110,364154.0,1.85
Weldon,2,509450,275000.0,1.85
Anderson,3,551200,299000.0,1.84
La Jolla,162,5318305,2883093.0,1.84
Murphys,9,760211,413500.0,1.84
Coto de Caza,54,4369949,2385683.0,1.83
Atherton,10,17008500,9369989.0,1.82
Cherry Valley,19,857026,469713.0,1.82
Fish Camp,3,664344,365000.0,1.82
La Grange,10,406330,223333.0,1.82
Tahoe Vista,3,564633,310000.0,1.82
Berry Creek,13,322408,179500.0,1.8
Buellton,3,1965333,1101000.0,1.79
Mountain Center,27,1106181,618347.0,1.79
Orland,25,669356,374172.0,1.79
Sonora,86,601679,335671.0,1.79
Templeton,43,2078458,1162369.0,1.79
Los Angeles,3444,2865044,1620558.0,1.77
Malibu,316,9501910,5380559.0,1.77
Echo Park,3,2114667,1210000.0,1.75
Sebastopol,2,2049500,1175000.0,1.74
Springville,6,876567,510000.0,1.72
Palomar Mountain,11,728264,424818.0,1.71
Rancho Palos Verdes,131,2969112,1737574.0,1.71
San Miguel,14,1318071,769462.0,1.71
Beverly Hills,299,11695628,6860266.0,1.7
Inyokern,3,245083,144259.0,1.7
Wasco,2,450000,264500.0,1.7
Yreka,9,408667,241667.0,1.69
Forest Ranch,8,596863,355938.0,1.68
Royal Oaks,12,1774667,1059359.0,1.68
Strawberry,6,545733,327667.0,1.67
Del Mar,56,5699550,3484021.0,1.64
Yosemite,8,1558100,949000.0,1.64
Cardiff By The Sea,14,3931343,2416485.0,1.63
Frazier Park,53,620764,379781.0,1.63
La Verne,39,1661841,1020354.0,1.63
Livingston,10,1006590,617181.0,1.63
Tarzana,111,2305563,1413268.0,1.63
Castroville,2,1006000,622500.0,1.62
Encino,244,3172331,1962734.0,1.62
Rolling Hills,12,7119833,4459000.0,1.6
Holtville,4,492250,310000.0,1.59
Miramonte,2,485000,305000.0,1.59
Palos Verdes Peninsula,10,3522100,2214533.0,1.59
Thousand Oaks,153,1821648,1142459.0,1.59
Coachella,38,790479,498943.0,1.58
Gridley,17,973594,615000.0,1.58
Mountain Ranch,3,614633,389000.0,1.58
Woodside,32,7407717,4675786.0,1.58
Calabasas,113,3595234,2283100.0,1.57
Johnson Valley,12,280249,179038.0,1.57
Newcastle,1,2125000,1350000.0,1.57
Santa Rosa,20,2096625,1331667.0,1.57
West Hollywood,242,2449198,1557179.0,1.57
Angels Camp,6,564495,362000.0,1.56
Portola Valley,16,5893563,3786154.0,1.56
Arroyo Grande,49,1860785,1198676.0,1.55
Dana Point,83,4737492,3053843.0,1.55
Mentone,7,796271,514049.0,1.55
Silver Lake,2,1642000,1060625.0,1.55
Lucerne Valley,46,431519,280269.0,1.54
Palos Verdes Estates,41,5465695,3545341.0,1.54
Petaluma,4,1797125,1167500.0,1.54
San Dimas,46,1398538,909949.0,1.54
Auburn,4,713250,467040.0,1.53
Chatsworth,107,1666064,1090534.0,1.53
Dobbins,1,370000,242500.0,1.53
Lodi,6,982815,640682.0,1.53
Manhattan Beach,70,6520114,4264712.0,1.53
Newport Beach,275,6568897,4301459.0,1.53
Alta Loma,6,1493317,982118.0,1.52
Lake Isabella,8,303612,199750.0,1.52
Lakeview Terrace,6,1623667,1069000.0,1.52
Paso Robles,162,1269772,834963.0,1.52
Ramona,76,1296673,850828.0,1.52
Westlake Village,104,2834520,1866806.0,1.52
Bethel Island,19,1235358,819000.0,1.51
Cayucos,22,2365355,1577876.0,1.5
Descanso,8,989113,663250.0,1.49
Julian,41,956513,643772.0,1.49
Pioneertown,14,1323193,889950.0,1.49
Salinas,118,1231155,824963.0,1.49
Venice,132,3596310,2413013.0,1.49
Cambria,43,1723321,1163529.0,1.48
Squaw Valley,6,411500,278225.0,1.48
Topanga,67,2423955,1636829.0,1.48
Encinitas,97,3347731,2284686.0,1.47
Mecca,3,451666,306750.0,1.47
Ranchita,3,681667,464750.0,1.47
Tulare,6,465467,316714.0,1.47
Browns Valley,1,609000,417000.0,1.46
Diamond Bar,109,1640629,1121968.0,1.46
Auberry,2,644500,443938.0,1.45
Carmel Valley,47,2874149,1980295.0,1.45
Gustine,2,527500,365000.0,1.45
Laguna Niguel,130,2277904,1571063.0,1.45
Moorpark,58,1512324,1046001.0,1.45
Oxnard,168,1425689,984818.0,1.45
Ventura,162,1463339,1010094.0,1.45
Cedarpines Park,14,497779,345258.0,1.44
La Canada Flintridge,29,3785447,2634993.0,1.44
Laytonville,2,675000,470000.0,1.44
Leona Valley,7,853856,593338.0,1.44
San Clemente,126,2905932,2021192.0,1.44
Studio City,150,3123188,2172876.0,1.44
Temecula,415,1241378,864403.0,1.44
Nuevo,16,844068,589602.0,1.43
San Luis Obispo,113,1775611,1241239.0,1.43
Blythe,63,364116,256912.0,1.42
City Terrace,2,802500,563333.0,1.42
Half Moon Bay,34,2363618,1663658.0,1.42
O'Neals,1,796000,560000.0,1.42
Poway,71,2170047,1533385.0,1.42
Boulevard,13,703231,500292.0,1.41
Comptche,3,1056667,750000.0,1.41
Oakdale,10,777890,552500.0,1.41
Oregon House,8,465488,329450.0,1.41
Porter Ranch,105,2022994,1430314.0,1.41
Santa Cruz,126,2253115,1600691.0,1.41
Solvang,21,2681226,1902648.0,1.41
Winton,8,589125,417688.0,1.41
Alamo,33,4347469,3100875.0,1.4
Bodfish,4,163500,116998.0,1.4
Davis,6,815833,583564.0,1.4
Santa Monica,214,3690079,2636291.0,1.4
Turlock,10,732480,523792.0,1.4
Magalia,62,319807,229477.0,1.39
Watsonville,58,1353114,974075.0,1.39
Corona Del Mar,80,6945700,5022841.0,1.38
Los Osos,24,1442891,1046320.0,1.38
Nipomo,37,1438462,1045275.0,1.38
Olivehurst,4,479925,346790.0,1.38
Pacific Grove,36,2053681,1491839.0,1.38
Villa Park,11,3838808,2775516.0,1.38
Boulder Creek,40,897553,656544.0,1.37
Cold Springs,5,480600,350000.0,1.37
Delano,1,459900,334643.0,1.37
Lake Mathews,3,1621000,1186250.0,1.37
Landers,56,421020,307547.0,1.37
Los Alamitos,12,1758892,1285028.0,1.37
Ridgecrest,21,391342,285342.0,1.37
Coarsegold,49,603001,444581.0,1.36
Imperial Beach,73,1070753,785507.0,1.36
Jacumba,4,448475,330944.0,1.36
Lower Lake,28,477639,352193.0,1.36
Mountain Mesa,6,260815,191750.0,1.36
Newberry Springs,23,291104,214625.0,1.36
Sierra Madre,25,2089672,1535735.0,1.36
Arcadia,147,2367895,1748056.0,1.35
East Los Angeles,10,888790,658421.0,1.35
Huntington Beach,281,1950154,1448868.0,1.35
La Habra Heights,20,2235627,1657285.0,1.35
Potrero,6,707333,525000.0,1.35
Wofford Heights,6,372300,275000.0,1.35
Cobb,26,380989,284750.0,1.34
Running Springs,83,512260,381552.0,1.34
Guadalupe,4,833750,626235.0,1.33
Maricopa,10,964348,725000.0,1.33
Chowchilla,40,532840,402900.0,1.32
El Sereno,6,960000,726000.0,1.32
National City,23,873252,659333.0,1.32
Shafter,5,519177,392493.0,1.32
Valley Center,71,1306849,992181.0,1.32
Aromas,6,1199333,913333.0,1.31
Norco,46,1244080,953220.0,1.31
Paradise Hills,2,707000,540000.0,1.31
Patterson,19,628395,478699.0,1.31
Trabuco Canyon,24,1612850,1227013.0,1.31
Twin Peaks,43,469907,358205.0,1.31
Weaverville,5,376800,288000.0,1.31
Whitewater,8,472735,359818.0,1.31
Dos Palos,5,593400,456786.0,1.3
Gilroy,107,1520176,1164913.0,1.3
Lake Arrowhead,439,1007196,772007.0,1.3
Nice,18,255161,196286.0,1.3
Red Bluff,29,471347,362302.0,1.3
West Toluca Lake,1,1430000,1103126.0,1.3
Cameron Park,3,1122000,872500.0,1.29
Canyon Lake,97,1056173,817452.0,1.29
Fort Bragg,53,865141,669131.0,1.29
Jamul,21,1248833,968241.0,1.29
Monterey,65,1590859,1233388.0,1.29
Murrieta,423,944569,734686.0,1.29
North Tustin,21,2891547,2238542.0,1.29
Rohnert Park,2,809500,627000.0,1.29
Tehachapi,47,563017,435294.0,1.29
Acton,36,1063501,829300.0,1.28
Avila Beach,6,1774333,1386523.0,1.28
Bell Canyon,18,3075083,2404239.0,1.28
Corcoran,4,323250,253300.0,1.28
Crockett,4,759750,595000.0,1.28
Glenhaven,4,378250,295000.0,1.28
Kelseyville,102,496230,386937.0,1.28
La Selva Beach,3,3548000,2775714.0,1.28
Lockwood,4,1209500,941590.0,1.28
Rancho Mirage,381,1581236,1234628.0,1.28
Visalia,35,561299,437062.0,1.28
Yucca Valley,237,538715,421319.0,1.28
Alpine,43,1302095,1026615.0,1.27
Clairemont Mesa,1,1565000,1233333.0,1.27
Napa,18,1542227,1218232.0,1.27
Paradise,82,528785,417622.0,1.27
San Marino,24,4524908,3563566.0,1.27
Seaside,34,1067487,842898.0,1.27
Surfside,4,4673750,3673786.0,1.27
Valley Village,55,1759260,1383389.0,1.27
Anaheim Hills,29,1595658,1264405.0,1.26
Bell Gardens,10,753290,596111.0,1.26
East San Diego,2,737500,585000.0,1.26
Lemoore,6,501000,398036.0,1.26
Merced,191,518444,410199.0,1.26
Quartz Hill,11,733282,581240.0,1.26
Rowland Heights,46,1398729,1108548.0,1.26
Avenal,18,357678,286221.0,1.25
Chino Hills,124,1365796,1096818.0,1.25
Clearlake Oaks,62,278582,223347.0,1.25
Fallbrook,195,1216252,971080.0,1.25
Ladera Ranch,39,2006418,1611576.0,1.25
Lompoc,13,965492,772378.0,1.25
Monrovia,40,1398474,1122652.0,1.25
Pacifica,42,1642852,1312032.0,1.25
Riverside,475,898900,716933.0,1.25
Thousand Palms,15,472446,378838.0,1.25
Clearlake,105,302939,244736.0,1.24
Green Valley Lake,37,394486,317975.0,1.24
Marina,56,1189339,961673.0,1.24
Morgan Hill,115,1792983,1450225.0,1.24
Wrightwood,61,533584,429711.0,1.24
Glenn,1,479000,390000.0,1.23
Irvine,690,2165253,1755136.0,1.23
Lucerne,31,313526,255311.0,1.23
Madera,49,581160,471578.0,1.23
Oroville,185,380897,309577.0,1.23
Rodeo,2,843944,685689.0,1.23
Yorba Linda,120,1803487,1472129.0,1.23
Bangor,3,461000,376750.0,1.22
El Granada,7,1844714,1513250.0,1.22
Fillmore,27,989441,813242.0,1.22
Mendocino,14,1416278,1156243.0,1.22
Pioneer,3,355000,291250.0,1.22
Rancho Cucamonga,217,1046556,858124.0,1.22
Redlands,119,867518,711179.0,1.22
Santa Maria,86,869829,714809.0,1.22
Saratoga,47,4759697,3915083.0,1.22
Seal Beach,97,926684,757049.0,1.22
Sugarloaf,76,374191,306422.0,1.22
Sunland,40,1175572,962770.0,1.22
Walnut,90,1642117,1351271.0,1.22
"29 Palms",205,305310,252356.0,1.21
Escondido,311,1092928,906701.0,1.21
Hawaiian Gardens,4,691223,572828.0,1.21
Jurupa Valley,117,853644,705314.0,1.21
Woodland Hills,227,1665054,1371903.0,1.21
Bonita,28,1350820,1122982.0,1.2
Bradbury,17,8273706,6886667.0,1.2
Buena Park,55,1157872,966276.0,1.2
Coalinga,8,439275,364633.0,1.2
El Mirage,1,225000,188000.0,1.2
Grover Beach,28,968157,803924.0,1.2
King City,12,700217,584569.0,1.2
Laguna Hills,49,1929988,1609464.0,1.2
Oakhurst,49,519357,433872.0,1.2
Pasadena,278,1819406,1510209.0,1.2
Pearblossom,6,546498,457143.0,1.2
Upper Lake,7,435271,363656.0,1.2
Willows,12,383167,320305.0,1.2
Agoura Hills,66,2070927,1738160.0,1.19
Anza,35,430423,362138.0,1.19
Arnold,10,572880,481731.0,1.19
Atwater,42,636975,533760.0,1.19
Clipper Mills,2,284450,240000.0,1.19
Green Valley,8,552374,464312.0,1.19
Joshua Tree,164,614639,514948.0,1.19
Marina Del Rey,136,1830910,1544985.0,1.19
Newbury Park,71,1364440,1147426.0,1.19
Northridge,69,1223229,1024599.0,1.19
Orinda,45,2565222,2149761.0,1.19
Rosemead,38,1112075,937999.0,1.19
South Gate,21,796657,670237.0,1.19
Vista,134,1105631,931006.0,1.19
West Hills,78,1361939,1149242.0,1.19
Whittier,128,1043589,874258.0,1.19
Antelope,7,492429,417292.0,1.18
Artesia,9,931373,786255.0,1.18
Bakersfield,256,522310,441942.0,1.18
Barstow,105,310625,262496.0,1.18
Big Bar,2,258500,220000.0,1.18
Desert Hot Springs,206,466335,396474.0,1.18
Durham,11,818273,691429.0,1.18
Fairfax,2,963500,818750.0,1.18
Goleta,8,1708625,1449455.0,1.18
Hollister,129,946741,802344.0,1.18
Juniper Hills,2,529900,447500.0,1.18
Long Barn,10,416680,352000.0,1.18
Menlo Park,45,3843486,3255812.0,1.18
Montebello,59,1060239,902176.0,1.18
Perris,126,697552,593118.0,1.18
Sherman Oaks,247,2009875,1708180.0,1.18
Ukiah,5,572600,485200.0,1.18
View Park,9,1812111,1539311.0,1.18
Cedar Glen,20,380885,324295.0,1.17
Glendora,57,1201718,1028959.0,1.17
Lake Sherwood,10,3481800,2974995.0,1.17
Manteca,54,712666,606972.0,1.17
Martinez,54,944771,807877.0,1.17
Middletown,13,569000,485457.0,1.17
Newman,6,526167,451450.0,1.17
Pine Mountain Club,79,439751,376620.0,1.17
Santa Nella,2,485000,415000.0,1.17
Bellflower,32,937084,810312.0,1.16
Big Bear Lake,268,775573,670828.0,1.16
Chico,187,591994,508403.0,1.16
Citrus Heights,3,496665,426375.0,1.16
Corona,406,907126,784965.0,1.16
Gerber,2,392000,336667.0,1.16
Hanford,10,418320,361416.0,1.16
Mira Mesa,6,1081492,928950.0,1.16
Palm Springs,727,1052588,909323.0,1.16
Pittsburg,69,701737,602610.0,1.16
San Lorenzo,12,922491,793982.0,1.16
Twain Harte,34,549689,473125.0,1.16
Bonsall,27,1415033,1227795.0,1.15
Brentwood,170,929839,806839.0,1.15
Camarillo,164,1179776,1026087.0,1.15
Desert Center,1,259900,226000.0,1.15
Downey,52,1122498,972596.0,1.15
El Centro,3,415000,362200.0,1.15
Playa Del Rey,46,1678289,1454365.0,1.15
Rio Vista,35,471780,409478.0,1.15
Riverbank,1,608000,527375.0,1.15
Soulsbyville,2,456000,398217.0,1.15
Altadena,46,1701727,1493702.0,1.14
Arrowbear,10,345700,304487.0,1.14
Capitola,16,1336619,1170048.0,1.14
Corning,47,383998,336231.0,1.14
Danville,140,2351932,2066961.0,1.14
Discovery Bay,97,969131,847383.0,1.14
La Puente,49,837653,737473.0,1.14
Lakewood,58,1030846,906714.0,1.14
Oak Hills,41,743152,653619.0,1.14
Shasta Lake,1,329888,289308.0,1.14
Shingletown,3,268267,236333.0,1.14
Spreckels,1,1175000,1030000.0,1.14
Van Nuys,120,955188,838872.0,1.14
Agua Dulce,19,1168611,1033579.0,1.13
Azusa,56,852053,750849.0,1.13
Dulzura,2,757500,667500.0,1.13
Hemet,417,464200,411076.0,1.13
Hidden Valley Lake,56,444989,392701.0,1.13
Monterey Park,63,989674,878584.0,1.13
North Hills,59,924623,820556.0,1.13
Bay Point,18,615883,552150.0,1.12
Borrego Springs,44,434343,387638.0,1.12
Carlsbad,259,1817366,1618778.0,1.12
Castaic,44,962300,860533.0,1.12
Copperopolis,14,766291,681875.0,1.12
Coronado,113,3716178,3327589.0,1.12
Crestline,134,434910,389657.0,1.12
Delhi,4,561238,501315.0,1.12
Denair,1,770000,685000.0,1.12
Granada Hills,102,1218554,1087599.0,1.12
Greenfield,10,704380,627730.0,1.12
Lake Los Angeles,6,436833,388800.0,1.12
Loch Lomond,5,256200,228600.0,1.12
Los Gatos,129,2984266,2662512.0,1.12
Los Molinos,7,539000,481556.0,1.12
Menifee,377,629022,562050.0,1.12
Moss Beach,6,1692000,1513333.0,1.12
Pacoima,47,780167,696620.0,1.12
Piru,10,718290,642283.0,1.12
San Martin,7,2425413,2158100.0,1.12
Sun Valley,41,1023838,912771.0,1.12
Taft,14,263214,234957.0,1.12
Victorville,382,481096,431425.0,1.12
Westminster,46,1266821,1133702.0,1.12
Yuba City,9,451022,401220.0,1.12
Yucaipa,100,730338,654700.0,1.12
Angelus Oaks,24,439800,395500.0,1.11
Atascadero,50,914184,826066.0,1.11
Ben Lomond,17,1095765,987036.0,1.11
California City,69,319939,288778.0,1.11
Covina,94,929179,839486.0,1.11
Cypress,48,1185988,1072998.0,1.11
Keene,3,841333,755000.0,1.11
La Quinta,434,1653671,1495142.0,1.11
Lake Elsinore,226,642767,577990.0,1.11
Lathrop,53,811301,733393.0,1.11
Montecito,9,17852778,16129296,1.11
Morongo Valley,33,388971,349914.0,1.11
Newhall,84,737608,662202.0,1.11
Ontario,271,722657,653151.0,1.11
Orange,122,1355130,1216694.0,1.11
San Bernardino,245,568545,511808.0,1.11
Solana Beach,41,3244038,2927453.0,1.11
Benicia,16,731822,666333.0,1.1
Brisbane,8,1228875,1116853.0,1.1
Clayton,26,1220302,1108793.0,1.1
Greenbrae,2,760000,690000.0,1.1
Kennedy Meadows,1,340000,310000.0,1.1
Marysville,10,419960,381862.0,1.1
Oakley,73,764660,694491.0,1.1
Palm Desert,757,855448,774427.0,1.1
Palmdale,337,595970,540311.0,1.1
Phelan,67,502371,457049.0,1.1
Plumas Lake,3,521596,472500.0,1.1
Redding,11,460453,417971.0,1.1
Reseda,75,852863,772450.0,1.1
Tracy,77,821056,748890.0,1.1
Upland,100,971400,880234.0,1.1
Big Bear City,207,556543,512182.0,1.09
Brookdale,2,818500,750000.0,1.09
Butte Meadows,4,385875,353333.0,1.09
Carmichael,10,615230,562500.0,1.09
Chino,138,853670,782262.0,1.09
Claremont,70,1227158,1128133.0,1.09
El Monte,76,807811,742497.0,1.09
French Valley,17,651387,595899.0,1.09
Knightsen,2,1504000,1375000.0,1.09
La Mesa,102,1034987,949398.0,1.09
Lomita,18,1038206,953730.0,1.09
Milpitas,79,1424894,1306835.0,1.09
Pinon Hills,41,488283,448773.0,1.09
Rancho Cordova,7,625736,571667.0,1.09
San Rafael,7,1450270,1325438.0,1.09
Anaheim,213,991287,918828.0,1.08
Apple Valley,311,500698,464155.0,1.08
Cathedral City,212,545981,504622.0,1.08
Colton,49,531180,492202.0,1.08
Cudahy,3,699966,649000.0,1.08
Harbor City,30,843756,780023.0,1.08
Helendale,69,403584,372416.0,1.08
Hesperia,213,529427,488282.0,1.08
Idyllwild,110,563533,521271.0,1.08
La Palma,6,1278148,1180811.0,1.08
Lancaster,369,515752,476387.0,1.08
Long Beach,546,1041047,962974.0,1.08
Los Banos,24,491693,454366.0,1.08
Mariposa,71,499014,463246.0,1.08
Maywood,1,699000,645750.0,1.08
Mission Viejo,146,1323279,1226014.0,1.08
Moreno Valley,212,599798,555335.0,1.08
Soquel,24,1472229,1364361.0,1.08
Suisun City,10,551640,512846.0,1.08
Adelanto,89,410878,384017.0,1.07
Burbank,116,1328576,1245960.0,1.07
Dixon,3,641833,602500.0,1.07
Felton,18,961433,900392.0,1.07
Galt,4,490710,459621.0,1.07
Grand Terrace,15,592913,556095.0,1.07
Lakeport,59,468851,437753.0,1.07
Leimert Park,2,1449950,1350000.0,1.07
Mission Valley,1,470000,437333.0,1.07
Montclair,12,698064,650089.0,1.07
North Hollywood,127,986387,922652.0,1.07
Oceanside,336,998332,931262.0,1.07
Port Hueneme,55,605013,566678.0,1.07
Porterville,3,406000,377778.0,1.07
Aguanga,18,601589,568802.0,1.06
Banning,132,458023,430383.0,1.06
Blue Jay,7,499557,473125.0,1.06
Brea,38,1262494,1186796.0,1.06
Calexico,5,384000,362667.0,1.06
Campbell,76,1915490,1804643.0,1.06
Chula Vista,247,920588,868916.0,1.06
Costa Mesa,114,1742177,1645763.0,1.06
Fresno,90,532774,502968.0,1.06
Lake Forest,173,1345027,1271696.0,1.06
Lemon Grove,20,724195,680952.0,1.06
Livermore,138,1362580,1281785.0,1.06
Loma Linda,30,735690,694728.0,1.06
Mission Hills,1,849000,799999.0,1.06
Playa Vista,30,1383030,1308124.0,1.06
Pomona,131,695550,656830.0,1.06
Prunedale,1,919000,864750.0,1.06
Toluca Lake,27,2701441,2536724.0,1.06
Tustin,101,1345303,1274538.0,1.06
El Cerrito,21,1234995,1180835.0,1.05
Folsom,1,750000,717675.0,1.05
Fontana,267,701566,667977.0,1.05
Forest Falls,13,400925,380735.0,1.05
Garden Grove,80,1010257,959501.0,1.05
Littlerock,30,535076,507802.0,1.05
Ortega Mountain,1,1299000,1242500.0,1.05
Pico Rivera,37,761765,724314.0,1.05
Pleasanton,107,1819214,1738773.0,1.05
Winchester,175,665137,630516.0,1.05
American Canyon,1,725000,699222.0,1.04
Arleta,12,840766,808590.0,1.04
Baldwin Park,34,717288,692951.0,1.04
Beaumont,185,554219,533680.0,1.04
Bell,3,673000,649800.0,1.04
Cerritos,41,1228889,1183231.0,1.04
Foster City,40,1585321,1517201.0,1.04
Rialto,75,614390,590702.0,1.04
San Fernando,37,820200,791635.0,1.04
Santa Margarita,13,945728,910625.0,1.04
Yermo,7,267700,257400.0,1.04
Butte Valley,2,790000,766000.0,1.03
Canyon Country,169,867352,838773.0,1.03
Compton,73,653075,633567.0,1.03
Elk Grove,17,629039,611980.0,1.03
Glendale,158,1369435,1326970.0,1.03
Inglewood,114,798121,777814.0,1.03
Lebec,4,416750,406500.0,1.03
Norwalk,48,753625,730201.0,1.03
Stockton,71,428455,417763.0,1.03
Temple City,43,1332828,1288654.0,1.03
Val Verde,1,674900,655150.0,1.03
Vallejo,67,514238,500937.0,1.03
Wildomar,83,665461,643114.0,1.03
Antioch,137,597987,588597.0,1.02
Calimesa,21,560681,547462.0,1.02
Campo,12,533500,523609.0,1.02
Clovis,27,705238,691187.0,1.02
East Palo Alto,25,1155778,1137714.0,1.02
Highland,69,615193,603112.0,1.02
La Mirada,37,923689,902410.0,1.02
Lamont,2,231000,225667.0,1.02
Modesto,34,473367,466119.0,1.02
Pleasant Hill,37,982090,962814.0,1.02
Rancho Cascades,2,869450,852000.0,1.02
Rio Linda,1,495000,483667.0,1.02
San Diego,2122,1160123,1140522.0,1.02
San Marcos,149,1018996,999515.0,1.02
San Pedro,116,871748,858583.0,1.02
Santa Ana,199,933054,910579.0,1.02
Simi Valley,215,937589,916336.0,1.02
West Covina,93,920066,898612.0,1.02
Wilmington,18,692916,677853.0,1.02
Aptos,102,1767156,1747397.0,1.01
Belmont,32,2207222,2194487.0,1.01
Fullerton,117,1150415,1134312.0,1.01
Hacienda Heights,80,1050383,1038444.0,1.01
Hawthorne,51,993407,987775.0,1.01
Indio,496,595657,587360.0,1.01
Lynwood,13,732761,723761.0,1.01
Millbrae,13,1723081,1704568.0,1.01
Paramount,22,639263,633495.0,1.01
Pescadero,6,3344648,3300000.0,1.01
Rancho Mission Viejo,100,1274568,1256617.0,1.01
Redondo Beach,133,1794095,1767668.0,1.01
Rosamond,47,446761,443169.0,1.01
Santee,89,766440,762059.0,1.01
Saugus,109,852225,843299.0,1.01
Tujunga,41,952485,942617.0,1.01
Tuolumne,18,436886,430667.0,1.01
Arbuckle,1,348500,348500.0,1.0
Burlingame,24,2784500,2776570.0,1.0
Lawndale,23,768169,772014.0,1.0
North Palm Springs,1,392000,393333.0,1.0
Santa Fe Springs,13,769262,769153.0,1.0
South El Monte,15,779720,782440.0,1.0
Carson,45,786674,798521.0,0.99
Catheys Valley,8,782875,789333.0,0.99
El Segundo,25,1857247,1872921.0,0.99
El Sobrante,23,710125,719576.0,0.99
Fountain Valley,29,1373562,1386713.0,0.99
Lakeside,61,707001,717387.0,0.99
Lincoln,7,708263,713417.0,0.99
Mojave,8,263300,265727.0,0.99
Newark,76,1287602,1298611.0,0.99
Panorama City,60,693772,699590.0,0.99
San Pablo,37,540572,547216.0,0.99
San Ysidro,12,595317,598717.0,0.99
Scotts Valley,34,1365453,1385899.0,0.99
South San Francisco,34,1198308,1212129.0,0.99
Spring Valley,78,739675,744430.0,0.99
Valencia,260,853711,862872.0,0.99
Valley Glen,12,1150904,1157144.0,0.99
Alhambra,99,937288,952633.0,0.98
Aliso Viejo,59,1063569,1082684.0,0.98
Eastvale,82,868887,886067.0,0.98
El Cajon,232,803969,823887.0,0.98
Gardena,58,755411,772894.0,0.98
Hermosa Beach,47,3039915,3092673.0,0.98
Salida,1,490000,499667.0,0.98
San Jacinto,130,468458,476293.0,0.98
Sylmar,103,763137,779922.0,0.98
Torrance,148,1093630,1112448.0,0.98
Valley Springs,14,519154,527917.0,0.98
Hornbrook,2,185000,191500.0,0.97
La Habra,63,859383,889822.0,0.97
Mount Shasta,4,537000,555000.0,0.97
Roseville,16,649573,671843.0,0.97
San Ramon,152,1485762,1524719.0,0.97
Santa Clarita,15,914527,938312.0,0.97
Stanton,23,716847,740747.0,0.97
Big Bear,133,642466,666459.0,0.96
Canoga Park,65,685772,711763.0,0.96
Duarte,21,728316,762120.0,0.96
Dublin,135,1335304,1398000.0,0.96
Freedom,4,714750,748000.0,0.96
Granite Bay,2,1756944,1825000.0,0.96
Homeland,27,437533,456788.0,0.96
Kensington,5,1642600,1716319.0,0.96
Mi Wuk Village,8,385337,400667.0,0.96
Reedley,2,324950,337500.0,0.96
Big Sur,5,3969000,4175000.0,0.95
Cabazon,9,278010,291500.0,0.95
Daly City,30,1077958,1136693.0,0.95
La Crescenta,35,1354247,1428995.0,0.95
Lafayette,62,2219662,2332433.0,0.95
Live Oak,1,399000,420417.0,0.95
North Highlands,2,337975,356244.0,0.95
Redwood City,95,2008224,2120985.0,0.95
Silverado Canyon,1,835000,880500.0,0.95
Vacaville,20,647729,682643.0,0.95
Winnetka,56,786795,827732.0,0.95
Castro Valley,52,1119582,1192239.0,0.94
Indian Wells,123,1945470,2062716.0,0.94
Los Altos,47,4083848,4364228.0,0.94
Palermo,1,279500,296305.0,0.94
Signal Hill,23,696078,741095.0,0.94
South Pasadena,26,1972615,2093080.0,0.94
Concord,163,710965,764613.0,0.93
Hayward,166,879484,944194.0,0.93
Ladera Heights,1,1099000,1176188.0,0.93
Mountain House,35,873135,934408.0,0.93
Piedmont,9,3122333,3366596.0,0.93
Placentia,47,1052256,1127008.0,0.93
San Leandro,59,773763,827658.0,0.93
Sherwood Forest,11,1700818,1837278.0,0.93
Tierrasanta,1,739000,791667.0,0.93
Bermuda Dunes,43,746737,811868.0,0.92
Boron,11,197045,213778.0,0.92
Fremont,252,1451947,1582382.0,0.92
Huntington Park,16,662975,720814.0,0.92
Lake Balboa,18,865827,938568.0,0.92
Sacramento,69,464660,503196.0,0.92
San Jose,1068,1369395,1480914.0,0.92
Commerce,7,689414,756980.0,0.91
Lake Elizabeth,3,347997,383333.0,0.91
Rossmoor,6,2071000,2270239.0,0.91
Walnut Creek,265,967769,1069142.0,0.91
Alameda,72,1061965,1177578.0,0.9
Arvin,3,329933,365225.0,0.9
Navarro,1,598888,667000.0,0.9
Palo Alto,70,3416125,3795664.0,0.9
Pinole,15,679267,753182.0,0.9
Rimforest,9,367111,406429.0,0.9
Santa Clara,134,1433075,1584168.0,0.9
Union City,70,1150332,1281367.0,0.9
Del Rey Oaks,4,910738,1024250.0,0.89
Mill Valley,1,1695000,1900625.0,0.89
Mountain View,82,1804328,2027406.0,0.89
San Francisco,102,1252125,1403543.0,0.89
San Mateo,118,1587862,1777503.0,0.89
Highland Park,4,776000,879488.0,0.88
New Cuyama,4,241225,275500.0,0.88
Rancho Santa Margarita,98,1000120,1131427.0,0.88
San Gabriel,57,1127404,1274294.0,0.88
Otay Mesa,1,669000,770500.0,0.87
Rocklin,2,694450,798500.0,0.87
Gualala,3,646000,751000.0,0.86
North Fork,17,429488,497688.0,0.86
Stevenson Ranch,47,1033650,1198267.0,0.86
Sunnyvale,146,1729664,2003859.0,0.86
Cupertino,66,2729761,3206793.0,0.85
El Dorado Hills,6,1089648,1279000.0,0.85
Hercules,17,590758,692610.0,0.85
Pismo Beach,31,1459194,1719144.0,0.85
South Dos Palos,1,299000,350000.0,0.85
Culver City,82,1159254,1387312.0,0.84
Emeryville,28,461425,549651.0,0.84
San Bruno,33,1038865,1239082.0,0.84
San Carlos,44,2097947,2499308.0,0.84
San Juan Bautista,11,1049636,1243454.0,0.84
West Sacramento,2,569553,674167.0,0.84
Laguna Woods,169,446234,546693.0,0.82
McFarland,1,369000,450000.0,0.82
Midpines,6,512150,622000.0,0.82
Richmond,88,549610,667486.0,0.82
Forbestown,1,299900,370870.0,0.81
Llano,9,281406,348600.0,0.81
Pacheco,4,569500,704111.0,0.81
Phillips Ranch,10,772810,956367.0,0.81
Silverado,10,2857700,3545714.0,0.81
Los Alamos,3,930000,1158000.0,0.8
Oakland,478,811908,1009162.0,0.8
Rolling Hills Estates,35,1551660,1941442.0,0.8
Sunset Beach,3,3647000,4543333.0,0.8
Trinity Center,8,362625,451700.0,0.8
Moraga,38,1373104,1729690.0,0.79
Woodland,3,466633,587000.0,0.79
Oak Park,39,915722,1168429.0,0.78
Eagle Rock,1,949999,1227600.0,0.77
Montrose,6,824450,1074932.0,0.77
South Lake Tahoe,9,991111,1285500.0,0.77
Columbia,3,481667,633400.0,0.76
Dillon Beach,1,980000,1287500.0,0.76
Imperial,5,414800,545000.0,0.76
Lewiston,4,393750,518438.0,0.76
Palo Cedro,1,599000,790000.0,0.76
Lytle Creek,9,382778,513333.0,0.75
Westchester,1,1525000,2042637.0,0.75
Fowler,1,370000,500976.0,0.74
Hollywood Hills,4,1461000,1986667.0,0.74
Berkeley,87,1218069,1673057.0,0.73
Highgrove,1,498340,680000.0,0.73
La Porte,1,425000,584000.0,0.73
Point Loma,2,932500,1269000.0,0.73
Somerset,2,439500,599900.0,0.73
Groveland,73,466147,650611.0,0.72
Midway City,2,812000,1135417.0,0.72
Monte Sereno,10,4187139,5845054.0,0.72
Santa Ysabel,7,1262000,1745000.0,0.72
Avalon,11,1161395,1664300.0,0.7
Firebaugh,1,210000,300000.0,0.7
Wishon,6,347167,495000.0,0.7
Temescal Valley,1,499000,727000.0,0.69
La Honda,6,1320483,1950000.0,0.68
Penn Valley,1,494000,725000.0,0.68
Ceres,1,374000,569833.0,0.66
Scripps Miramar,1,1860000,2822500.0,0.66
Pauma Valley,23,1183461,1815684.0,0.65
Redwood Valley,5,614000,949000.0,0.65
Eureka,1,295000,475000.0,0.62
Lake Almanor,2,672000,1082500.0,0.62
Elk Creek,2,429000,700000.0,0.61
Lindsay,2,237350,390050.0,0.61
Montara,7,1564557,2605200.0,0.6
Albany,24,735979,1339175.0,0.55
Brownsville,2,200000,365000.0,0.55
Alturas,4,180975,339000.0,0.53
Weed,3,459333,863916.0,0.53
Jamestown,17,507706,971250.0,0.52
Exeter,3,551000,1074667.0,0.51
Junction City,3,292967,570000.0,0.51
Flournoy,2,485000,975000.0,0.5
North Richmond,1,475000,966000.0,0.49
Hayfork,1,249000,525000.0,0.47
Byron,5,1764600,3833333.0,0.46
Rancho Dominguez,1,599800,1380000.0,0.43
Foresthill,1,182850,498000.0,0.37
Rancho Penasquitos,1,449980,1245667.0,0.36
Georgetown,1,89000,253000.0,0.35
Dorrington,1,249000,725000.0,0.34
Mt Baldy,4,257250,746800.0,0.34
Monte Rio,1,139000,576770.0,0.24
